file,molecule,position,mol_pred_loaded,mol_true_loaded,mol_cond_loaded,sanitization,inchi_convertible,all_atoms_connected,molecular_formula,molecular_bonds,double_bond_stereochemistry,tetrahedral_chirality,bond_lengths,bond_angles,internal_steric_clash,aromatic_ring_flatness,non-aromatic_ring_non-flatness,double_bond_flatness,internal_energy,protein-ligand_maximum_distance,minimum_distance_to_protein,minimum_distance_to_organic_cofactors,minimum_distance_to_inorganic_cofactors,minimum_distance_to_waters,volume_overlap_with_protein,volume_overlap_with_organic_cofactors,volume_overlap_with_inorganic_cofactors,volume_overlap_with_waters,rmsd_≤_2å
optimized_pose/optimized_ligand_1D2S.sdf,1D2S_ligand,0,True,True,True,True,True,True,True,True,True,True,True,True,True,True,True,True,True,True,False,True,True,True,True,True,True,True,True
optimized_pose/optimized_ligand_1H62.sdf,1H62_ligand,0,True,True,True,True,True,True,True,True,True,False,True,True,True,True,True,True,True,True,False,True,True,True,True,True,True,True,True
optimized_pose/optimized_ligand_1HBU.sdf,1HBU_ligand,0,True,True,True,True,True,True,True,True,True,False,True,True,False,True,True,True,False,True,False,True,True,True,True,True,True,True,True
optimized_pose/optimized_ligand_1LC8.sdf,1LC8_ligand,0,True,True,True,True,True,True,True,True,True,True,True,True,True,True,True,True,True,True,False,True,True,True,True,True,True,True,True
optimized_pose/optimized_ligand_1MRO.sdf,1MRO_ligand,0,True,True,True,True,True,True,True,True,True,False,True,True,False,True,True,True,False,True,False,True,True,True,True,True,True,True,True
optimized_pose/optimized_ligand_1OW4.sdf,1OW4_ligand,0,True,True,True,True,True,True,True,True,True,True,True,True,True,True,True,True,False,True,False,True,True,True,True,True,True,True,True
optimized_pose/optimized_ligand_1P5E.sdf,1P5E_ligand,0,True,True,True,True,True,True,True,True,True,True,True,True,True,True,True,True,True,True,True,True,True,True,True,True,True,True,True
optimized_pose/optimized_ligand_1T73.sdf,1T73_ligand,0,True,True,True,True,True,True,True,True,True,False,True,True,True,True,True,True,True,True,False,True,True,True,True,True,True,True,True
optimized_pose/optimized_ligand_1T79.sdf,1T79_ligand,0,True,True,True,True,True,True,True,True,True,False,True,True,True,True,True,True,True,True,False,True,True,True,True,True,True,True,True
optimized_pose/optimized_ligand_2ABA.sdf,2ABA_ligand,0,True,True,True,True,True,True,True,True,True,True,True,True,True,True,True,True,True,True,False,True,True,True,True,True,True,True,True
optimized_pose/optimized_ligand_2BXP.sdf,2BXP_ligand,0,True,True,True,True,True,True,True,True,True,True,True,True,True,True,True,True,True,True,False,True,True,True,True,True,True,True,True
optimized_pose/optimized_ligand_2C47.sdf,2C47_ligand,0,True,True,True,True,True,True,True,True,True,True,True,True,True,True,True,True,True,True,False,True,True,True,True,True,True,True,True
optimized_pose/optimized_ligand_2DQM.sdf,2DQM_ligand,0,True,True,True,True,True,True,True,True,True,False,True,True,True,True,True,True,True,True,False,True,True,True,False,True,True,True,True
optimized_pose/optimized_ligand_2GPU.sdf,2GPU_ligand,0,True,True,True,True,True,True,True,True,True,True,True,True,True,True,True,True,False,True,False,True,True,True,True,True,True,True,True
optimized_pose/optimized_ligand_2J9X.sdf,2J9X_ligand,0,True,True,True,True,True,True,True,True,True,True,True,True,True,True,True,True,True,True,False,True,True,True,True,True,True,True,True
optimized_pose/optimized_ligand_2JF9.sdf,2JF9_ligand,0,True,True,True,True,True,True,True,True,True,True,True,True,True,True,True,True,False,True,True,True,True,True,True,True,True,True,True
optimized_pose/optimized_ligand_2P7Z.sdf,2P7Z_ligand,0,True,True,True,True,True,True,True,True,True,True,True,True,True,True,True,True,False,True,False,True,True,True,True,True,True,True,True
optimized_pose/optimized_ligand_2V52.sdf,2V52_ligand,0,True,True,True,True,True,True,True,True,True,True,True,True,True,True,True,True,True,True,True,True,True,True,True,True,True,True,True
optimized_pose/optimized_ligand_2W3A.sdf,2W3A_ligand,0,True,True,True,True,True,True,True,True,True,True,True,True,True,True,True,True,True,True,False,True,True,True,False,True,True,True,True
optimized_pose/optimized_ligand_2W98.sdf,2W98_ligand,0,True,True,True,True,True,True,True,True,True,True,True,True,True,True,True,True,True,True,False,True,True,True,True,True,True,True,True
optimized_pose/optimized_ligand_2Y5S.sdf,2Y5S_ligand,0,True,True,True,True,True,True,True,True,True,True,True,True,True,True,True,True,True,True,False,True,True,True,False,True,True,True,True
optimized_pose/optimized_ligand_2ZOQ.sdf,2ZOQ_ligand,0,True,True,True,True,True,True,True,True,True,True,True,True,True,True,True,True,True,True,False,True,True,True,True,True,True,True,True
optimized_pose/optimized_ligand_3CBL.sdf,3CBL_ligand,0,True,True,True,True,True,True,True,True,True,True,True,True,True,True,True,True,True,True,True,True,True,True,True,True,True,True,True
optimized_pose/optimized_ligand_3CSD.sdf,3CSD_ligand,0,True,True,True,True,True,True,True,True,True,True,True,True,True,True,True,True,True,True,False,True,True,True,False,True,True,True,True
optimized_pose/optimized_ligand_3ERT.sdf,3ERT_ligand,0,True,True,True,True,True,True,True,True,True,True,True,True,True,True,True,True,False,True,False,True,True,True,True,True,True,True,True
optimized_pose/optimized_ligand_3EWD.sdf,3EWD_ligand,0,True,True,True,True,True,True,True,True,True,False,True,True,True,True,True,True,True,True,False,True,True,True,False,True,True,True,True
optimized_pose/optimized_ligand_3FUH.sdf,3FUH_ligand,0,True,True,True,True,True,True,True,True,True,True,True,True,False,True,True,True,False,True,False,True,True,True,False,True,True,True,False
optimized_pose/optimized_ligand_3IRM.sdf,3IRM_ligand,0,True,True,True,True,True,True,True,True,True,True,True,True,True,True,True,True,False,True,False,True,True,True,False,True,True,True,True
optimized_pose/optimized_ligand_3KMR.sdf,3KMR_ligand,0,True,True,True,True,True,True,True,True,True,True,True,True,True,True,True,True,True,True,True,True,True,True,True,True,True,True,True
optimized_pose/optimized_ligand_3L3X.sdf,3L3X_ligand,0,True,True,True,True,True,True,True,True,True,True,True,True,True,True,True,True,True,True,False,True,True,True,True,True,True,True,True
optimized_pose/optimized_ligand_3L3Z.sdf,3L3Z_ligand,0,True,True,True,True,True,True,True,True,True,True,True,True,True,True,True,True,True,True,False,True,True,True,True,True,True,True,True
optimized_pose/optimized_ligand_3MUF.sdf,3MUF_ligand,0,True,True,True,True,True,True,True,True,True,True,True,True,False,True,True,True,True,True,False,True,True,True,True,True,True,True,True
optimized_pose/optimized_ligand_3OFM.sdf,3OFM_ligand,0,True,True,True,True,True,True,True,True,True,True,True,True,True,True,True,True,True,True,False,True,True,True,True,True,True,True,True
optimized_pose/optimized_ligand_3ONF.sdf,3ONF_ligand,0,True,True,True,True,True,True,True,True,True,False,True,True,True,True,True,True,True,True,False,True,True,True,True,True,True,True,True
optimized_pose/optimized_ligand_3S3V.sdf,3S3V_ligand,0,True,True,True,True,True,True,True,True,True,True,True,True,False,True,True,True,False,True,True,True,True,True,True,True,True,True,True
optimized_pose/optimized_ligand_3SXS.sdf,3SXS_ligand,0,True,True,True,True,True,True,True,True,True,True,True,True,True,True,True,True,True,True,True,True,True,True,True,True,True,True,True
optimized_pose/optimized_ligand_3VVH.sdf,3VVH_ligand,0,True,True,True,True,True,True,True,True,True,False,True,True,True,True,True,True,True,True,False,False,True,False,True,True,True,True,True
optimized_pose/optimized_ligand_4A87.sdf,4A87_ligand,0,True,True,True,True,True,True,True,True,True,True,True,True,True,True,True,True,True,True,False,True,True,True,True,True,True,True,True
optimized_pose/optimized_ligand_4B7J.sdf,4B7J_ligand,0,True,True,True,True,True,True,True,True,True,False,True,True,True,True,True,True,True,True,False,True,True,True,True,True,True,True,True
optimized_pose/optimized_ligand_4BF2.sdf,4BF2_ligand,0,True,True,True,True,True,True,True,True,True,True,True,True,True,True,True,True,True,True,True,True,True,True,True,True,True,True,True
optimized_pose/optimized_ligand_4C34.sdf,4C34_ligand,0,True,True,True,True,True,True,True,True,True,True,True,True,True,True,True,True,True,True,False,True,True,True,True,True,True,True,True
optimized_pose/optimized_ligand_4DET.sdf,4DET_ligand,0,True,True,True,True,True,True,True,True,True,True,True,True,True,True,True,True,True,True,False,True,True,True,True,True,True,True,True
optimized_pose/optimized_ligand_4ERW.sdf,4ERW_ligand,0,True,True,True,True,True,True,True,True,True,True,True,True,True,True,True,True,True,True,False,True,True,True,True,True,True,True,True
optimized_pose/optimized_ligand_4HT0.sdf,4HT0_ligand,0,True,True,True,True,True,True,True,True,True,True,True,True,True,True,True,True,True,True,False,True,True,True,True,True,True,True,True
optimized_pose/optimized_ligand_4HT2.sdf,4HT2_ligand,0,True,True,True,True,True,True,True,True,True,True,True,True,True,True,True,True,True,True,False,True,False,True,True,True,True,True,True
optimized_pose/optimized_ligand_4HVX.sdf,4HVX_ligand,0,True,True,True,True,True,True,True,True,True,True,True,True,True,True,True,True,True,True,False,True,True,True,True,True,True,True,True
optimized_pose/optimized_ligand_4KD1.sdf,4KD1_ligand,0,True,True,True,True,True,True,True,True,True,True,True,True,False,True,True,True,True,True,False,True,True,True,True,True,True,True,True
optimized_pose/optimized_ligand_4KP5.sdf,4KP5_ligand,0,True,True,True,True,True,True,True,True,True,True,True,True,False,True,True,True,False,True,True,True,True,True,True,True,True,True,True
optimized_pose/optimized_ligand_4V2Y.sdf,4V2Y_ligand,0,True,True,True,True,True,True,True,True,True,True,True,True,True,True,True,True,True,True,False,True,True,True,True,True,True,True,True
optimized_pose/optimized_ligand_4WNS.sdf,4WNS_ligand,0,True,True,True,True,True,True,True,True,True,True,True,True,True,True,True,True,True,True,False,True,True,True,True,True,True,True,True
optimized_pose/optimized_ligand_4WR7.sdf,4WR7_ligand,0,True,True,True,True,True,True,True,True,True,True,True,True,True,True,True,True,True,True,True,True,True,True,True,True,True,True,True
optimized_pose/optimized_ligand_4WW6.sdf,4WW6_ligand,0,True,True,True,True,True,True,True,True,True,True,True,True,False,True,True,True,False,True,False,True,True,True,True,True,True,True,True
optimized_pose/optimized_ligand_4X2A.sdf,4X2A_ligand,0,True,True,True,True,True,True,True,True,True,True,True,True,True,True,True,True,True,True,False,True,True,True,True,True,True,True,True
optimized_pose/optimized_ligand_4XT7.sdf,4XT7_ligand,0,True,True,True,True,True,True,True,True,True,True,True,True,True,True,True,True,True,True,False,True,True,True,True,True,True,True,True
optimized_pose/optimized_ligand_4YZC.sdf,4YZC_ligand,0,True,True,True,True,True,True,True,True,True,False,True,True,True,True,True,True,True,True,False,True,True,True,True,True,True,True,True
optimized_pose/optimized_ligand_5AKE.sdf,5AKE_ligand,0,True,True,True,True,True,True,True,True,True,True,True,True,True,True,True,True,True,True,True,True,False,True,True,True,True,True,True
optimized_pose/optimized_ligand_5AUY.sdf,5AUY_ligand,0,True,True,True,True,True,True,True,True,True,True,True,True,True,True,True,True,True,True,False,True,True,True,True,True,True,True,True
optimized_pose/optimized_ligand_5DH3.sdf,5DH3_ligand,0,True,True,True,True,True,True,True,True,True,True,True,True,True,True,True,True,True,True,True,True,True,True,True,True,True,True,True
optimized_pose/optimized_ligand_5E8X.sdf,5E8X_ligand,0,True,True,True,True,True,True,True,True,True,True,True,True,True,True,True,True,True,True,False,True,True,True,True,True,True,True,True
optimized_pose/optimized_ligand_5FQD.sdf,5FQD_ligand,0,True,True,True,True,True,True,True,True,True,False,True,True,True,True,True,True,True,True,True,True,True,True,True,True,True,True,True
optimized_pose/optimized_ligand_5HU1.sdf,5HU1_ligand,0,True,True,True,True,True,True,True,True,True,True,True,True,True,True,True,True,True,True,False,True,True,True,True,True,True,True,True
optimized_pose/optimized_ligand_5KD9.sdf,5KD9_ligand,0,True,True,True,True,True,True,True,True,True,True,True,True,True,True,True,True,True,True,False,True,True,True,True,True,True,True,True
optimized_pose/optimized_ligand_5LGR.sdf,5LGR_ligand,0,True,True,True,True,True,True,True,True,True,True,True,True,True,True,True,True,True,True,False,True,True,True,True,True,True,True,True
optimized_pose/optimized_ligand_5LGS.sdf,5LGS_ligand,0,True,True,True,True,True,True,True,True,True,True,True,True,True,True,True,True,True,True,False,True,True,True,True,True,True,True,True
optimized_pose/optimized_ligand_5LLN.sdf,5LLN_ligand,0,True,True,True,True,True,True,True,True,True,True,True,True,True,True,True,True,True,True,False,True,True,True,True,True,True,True,True
optimized_pose/optimized_ligand_5M67.sdf,5M67_ligand,0,True,True,True,True,True,True,True,True,True,True,True,True,True,True,True,True,True,True,False,False,True,False,False,True,True,True,True
optimized_pose/optimized_ligand_5MSA.sdf,5MSA_ligand,0,True,True,True,True,True,True,True,True,True,True,True,True,True,True,True,True,True,True,True,True,True,True,True,True,True,True,True
optimized_pose/optimized_ligand_5S7B.sdf,5S7B_ligand,0,True,True,True,True,True,True,True,True,True,True,True,True,True,True,True,True,True,True,False,True,True,True,True,True,True,True,True
optimized_pose/optimized_ligand_5S7L.sdf,5S7L_ligand,0,True,True,True,True,True,True,True,True,True,True,True,True,True,True,True,True,False,True,False,True,True,True,True,True,True,True,False
optimized_pose/optimized_ligand_5S91.sdf,5S91_ligand,0,True,True,True,True,True,True,True,True,True,True,True,True,True,True,True,True,True,True,False,True,True,True,True,True,True,True,True
optimized_pose/optimized_ligand_5SB5.sdf,5SB5_ligand,0,True,True,True,True,True,True,True,True,True,True,True,True,True,True,True,True,True,True,False,True,True,True,True,True,True,True,True
optimized_pose/optimized_ligand_5SCC.sdf,5SCC_ligand,0,True,True,True,True,True,True,True,True,True,True,True,True,True,True,True,True,True,True,False,True,True,True,True,True,True,True,True
optimized_pose/optimized_ligand_5SCD.sdf,5SCD_ligand,0,True,True,True,True,True,True,True,True,True,True,True,True,True,True,True,True,True,True,False,True,True,True,True,True,True,True,True
optimized_pose/optimized_ligand_5SCL.sdf,5SCL_ligand,0,True,True,True,True,True,True,True,True,True,True,True,True,True,True,True,True,True,True,False,True,True,True,True,True,True,True,True
optimized_pose/optimized_ligand_5SEN.sdf,5SEN_ligand,0,True,True,True,True,True,True,True,True,True,True,True,True,True,True,True,True,True,True,False,True,True,True,True,True,True,True,True
optimized_pose/optimized_ligand_5SG9.sdf,5SG9_ligand,0,True,True,True,True,True,True,True,True,True,True,True,True,True,True,True,True,True,True,True,True,True,True,True,True,True,True,True
optimized_pose/optimized_ligand_5SGQ.sdf,5SGQ_ligand,0,True,True,True,True,True,True,True,True,True,True,True,True,True,True,True,True,True,True,True,True,True,True,True,True,True,True,True
optimized_pose/optimized_ligand_5SHC.sdf,5SHC_ligand,0,True,True,True,True,True,True,True,True,True,True,True,True,True,True,True,True,True,True,False,True,True,True,False,True,True,True,False
optimized_pose/optimized_ligand_5SHI.sdf,5SHI_ligand,0,True,True,True,True,True,True,True,True,True,True,True,True,True,True,True,True,False,True,False,True,True,True,True,True,True,True,True
optimized_pose/optimized_ligand_5SIU.sdf,5SIU_ligand,0,True,True,True,True,True,True,True,True,True,True,True,True,True,True,True,True,True,True,False,True,True,True,False,True,True,True,True
optimized_pose/optimized_ligand_5SOJ.sdf,5SOJ_ligand,0,True,True,True,True,True,True,True,True,True,False,True,True,True,True,True,True,True,True,False,True,True,True,True,True,True,True,True
optimized_pose/optimized_ligand_5SOP.sdf,5SOP_ligand,0,True,True,True,True,True,True,True,True,True,True,True,True,True,True,True,True,True,True,False,True,True,True,True,True,True,True,True
optimized_pose/optimized_ligand_5SOS.sdf,5SOS_ligand,0,True,True,True,True,True,True,True,True,True,True,True,True,True,True,True,True,True,True,True,True,True,True,True,True,True,True,True
optimized_pose/optimized_ligand_5SP4.sdf,5SP4_ligand,0,True,True,True,True,True,True,True,True,True,True,True,True,True,True,True,True,True,True,False,True,True,True,True,True,True,True,True
optimized_pose/optimized_ligand_5SPG.sdf,5SPG_ligand,0,True,True,True,True,True,True,True,True,True,True,True,True,True,True,True,True,True,True,True,True,True,True,True,True,True,True,True
optimized_pose/optimized_ligand_5SR5.sdf,5SR5_ligand,0,True,True,True,True,True,True,True,True,True,True,True,True,True,True,True,True,True,True,False,True,True,True,True,True,True,True,True
optimized_pose/optimized_ligand_5SR8.sdf,5SR8_ligand,0,True,True,True,True,True,True,True,True,True,True,True,True,True,True,True,True,True,True,False,True,True,True,True,True,True,True,True
optimized_pose/optimized_ligand_5SRT.sdf,5SRT_ligand,0,True,True,True,True,True,True,True,True,True,False,True,True,True,True,True,True,True,True,False,True,True,True,True,True,True,True,True
optimized_pose/optimized_ligand_5SRY.sdf,5SRY_ligand,0,True,True,True,True,True,True,True,True,True,True,True,True,True,True,True,True,True,True,False,True,True,True,True,True,True,True,True
optimized_pose/optimized_ligand_5SSD.sdf,5SSD_ligand,0,True,True,True,True,True,True,True,True,True,True,True,True,True,True,True,True,True,True,False,True,True,True,True,True,True,True,True
optimized_pose/optimized_ligand_5U3F.sdf,5U3F_ligand,0,True,True,True,True,True,True,True,True,True,True,True,True,True,True,True,True,True,True,False,True,True,True,False,True,True,True,True
optimized_pose/optimized_ligand_5VED.sdf,5VED_ligand,0,True,True,True,True,True,True,True,True,True,True,True,True,True,True,True,True,False,True,False,True,True,True,True,True,True,True,True
optimized_pose/optimized_ligand_5ZJ6.sdf,5ZJ6_ligand,0,True,True,True,True,True,True,True,True,True,True,True,True,True,True,True,True,True,True,False,True,True,True,True,True,True,True,True
optimized_pose/optimized_ligand_6C67.sdf,6C67_ligand,0,True,True,True,True,True,True,True,True,True,True,True,True,True,True,True,True,True,True,False,True,True,True,True,True,True,True,True
optimized_pose/optimized_ligand_6CJR.sdf,6CJR_ligand,0,True,True,True,True,True,True,True,True,True,True,True,True,True,True,True,True,True,True,True,True,True,True,True,True,True,True,True
optimized_pose/optimized_ligand_6DO2.sdf,6DO2_ligand,0,True,True,True,True,True,True,True,True,True,True,True,True,True,True,True,True,True,True,True,True,True,True,True,True,True,True,True
optimized_pose/optimized_ligand_6F3P.sdf,6F3P_ligand,0,True,True,True,True,True,True,True,True,True,True,True,True,True,True,True,True,True,True,False,True,True,True,True,True,True,True,True
optimized_pose/optimized_ligand_6FSY.sdf,6FSY_ligand,0,True,True,True,True,True,True,True,True,True,False,True,True,True,True,True,True,True,True,True,True,True,True,True,True,True,True,True
optimized_pose/optimized_ligand_6GON.sdf,6GON_ligand,0,True,True,True,True,True,True,True,True,True,True,True,True,True,True,True,True,True,True,True,True,True,True,True,True,True,True,True
optimized_pose/optimized_ligand_6GUE.sdf,6GUE_ligand,0,True,True,True,True,True,True,True,True,True,True,True,True,True,True,True,True,False,True,False,True,True,True,True,True,True,True,True
optimized_pose/optimized_ligand_6GUH.sdf,6GUH_ligand,0,True,True,True,True,True,True,True,True,True,True,True,True,True,True,True,True,False,True,True,True,True,True,True,True,True,True,True
optimized_pose/optimized_ligand_6JWA.sdf,6JWA_ligand,0,True,True,True,True,True,True,True,True,True,True,True,True,True,True,True,True,True,True,True,True,True,True,True,True,True,True,True
optimized_pose/optimized_ligand_6L23.sdf,6L23_ligand,0,True,True,True,True,True,True,True,True,True,True,True,True,True,True,True,True,True,True,False,True,True,True,True,True,True,True,True
optimized_pose/optimized_ligand_6LTK.sdf,6LTK_ligand,0,True,True,True,True,True,True,True,True,True,True,True,True,True,True,True,True,True,True,False,True,True,True,True,True,True,True,True
optimized_pose/optimized_ligand_6LZL.sdf,6LZL_ligand,0,True,True,True,True,True,True,True,True,True,True,True,True,True,True,True,True,True,True,False,True,True,True,True,True,True,True,True
optimized_pose/optimized_ligand_6MWL.sdf,6MWL_ligand,0,True,True,True,True,True,True,True,True,True,True,True,True,True,True,True,True,True,True,False,True,True,True,False,True,True,True,True
optimized_pose/optimized_ligand_6MZQ.sdf,6MZQ_ligand,0,True,True,True,True,True,True,True,True,True,True,True,True,True,True,True,True,True,True,True,True,True,True,True,True,True,True,True
optimized_pose/optimized_ligand_6NNH.sdf,6NNH_ligand,0,True,True,True,True,True,True,True,True,True,True,True,True,True,True,True,True,True,True,False,True,True,True,True,True,True,True,True
optimized_pose/optimized_ligand_6Q3W.sdf,6Q3W_ligand,0,True,True,True,True,True,True,True,True,True,True,True,True,True,True,True,True,True,True,True,True,True,True,True,True,True,True,True
optimized_pose/optimized_ligand_6QAV.sdf,6QAV_ligand,0,True,True,True,True,True,True,True,True,True,True,True,True,True,True,True,True,True,True,True,True,True,True,True,True,True,True,True
optimized_pose/optimized_ligand_6QGU.sdf,6QGU_ligand,0,True,True,True,True,True,True,True,True,True,True,True,True,True,True,True,True,True,True,False,True,True,True,True,True,True,True,True
optimized_pose/optimized_ligand_6QL1.sdf,6QL1_ligand,0,True,True,True,True,True,True,True,True,True,True,True,True,True,True,True,True,True,True,False,True,True,True,True,True,True,True,True
optimized_pose/optimized_ligand_6R13.sdf,6R13_ligand,0,True,True,True,True,True,True,True,True,True,True,True,True,True,True,True,True,True,True,False,True,True,True,True,True,True,True,True
optimized_pose/optimized_ligand_6RM5.sdf,6RM5_ligand,0,True,True,True,True,True,True,True,True,True,True,True,True,True,True,True,True,True,True,False,True,True,True,True,True,True,True,True
optimized_pose/optimized_ligand_6RMY.sdf,6RMY_ligand,0,True,True,True,True,True,True,True,True,True,True,True,True,False,True,True,True,False,True,False,True,True,True,True,True,True,True,True
optimized_pose/optimized_ligand_6SRH.sdf,6SRH_ligand,0,True,True,True,True,True,True,True,True,True,True,True,True,True,True,True,True,True,True,True,True,True,True,True,True,True,True,True
optimized_pose/optimized_ligand_6TET.sdf,6TET_ligand,0,True,True,True,True,True,True,True,True,True,True,True,True,True,True,True,True,True,True,False,True,True,True,False,True,True,True,False
optimized_pose/optimized_ligand_6UNS.sdf,6UNS_ligand,0,True,True,True,True,True,True,True,True,True,True,True,True,True,True,True,True,True,True,False,True,True,True,False,True,True,True,True
optimized_pose/optimized_ligand_6V87.sdf,6V87_ligand,0,True,True,True,True,True,True,True,True,True,True,True,True,True,True,True,True,False,True,False,True,True,True,True,True,True,True,True
optimized_pose/optimized_ligand_6VN8.sdf,6VN8_ligand,0,True,True,True,True,True,True,True,True,True,True,True,True,True,True,True,True,True,True,True,True,True,True,True,True,True,True,True
optimized_pose/optimized_ligand_6VXU.sdf,6VXU_ligand,0,True,True,True,True,True,True,True,True,True,False,True,True,False,True,True,True,True,True,False,True,True,True,True,True,True,True,True
optimized_pose/optimized_ligand_6W7V.sdf,6W7V_ligand,0,True,True,True,True,True,True,True,True,True,True,True,True,True,True,True,True,True,True,True,True,True,True,True,True,True,True,True
optimized_pose/optimized_ligand_6WE3.sdf,6WE3_ligand,0,True,True,True,True,True,True,True,True,True,True,True,True,True,True,True,True,True,True,False,True,True,True,True,True,True,True,True
optimized_pose/optimized_ligand_6WF4.sdf,6WF4_ligand,0,True,True,True,True,True,True,True,True,True,True,True,True,True,True,True,True,True,True,False,True,True,True,True,True,True,True,False
optimized_pose/optimized_ligand_6XG5.sdf,6XG5_ligand,0,True,True,True,True,True,True,True,True,True,True,True,True,False,True,True,True,False,True,False,True,True,True,True,True,True,True,True
optimized_pose/optimized_ligand_6XJR.sdf,6XJR_ligand,0,True,True,True,True,True,True,True,True,True,True,True,True,True,True,True,True,True,True,False,True,True,True,True,True,True,True,True
optimized_pose/optimized_ligand_6XJU.sdf,6XJU_ligand,0,True,True,True,True,True,True,True,True,True,False,True,True,False,True,True,True,False,True,True,True,True,True,True,True,True,True,False
optimized_pose/optimized_ligand_6XLO.sdf,6XLO_ligand,0,True,True,True,True,True,True,True,True,True,True,True,True,True,True,True,True,True,True,False,True,True,True,True,True,True,True,True
optimized_pose/optimized_ligand_6XM8.sdf,6XM8_ligand,0,True,True,True,True,True,True,True,True,True,True,True,True,True,True,True,True,True,True,True,True,True,True,True,True,True,True,True
optimized_pose/optimized_ligand_6XQ8.sdf,6XQ8_ligand,0,True,True,True,True,True,True,True,True,True,True,True,True,True,True,True,True,True,True,True,True,True,True,True,True,True,True,True
optimized_pose/optimized_ligand_6YD5.sdf,6YD5_ligand,0,True,True,True,True,True,True,True,True,True,True,True,True,True,True,True,True,True,True,False,True,True,True,True,True,True,True,True
optimized_pose/optimized_ligand_6YH5.sdf,6YH5_ligand,0,True,True,True,True,True,True,True,True,True,True,True,True,True,True,True,True,True,True,False,False,True,False,False,True,True,True,True
optimized_pose/optimized_ligand_6YHA.sdf,6YHA_ligand,0,True,True,True,True,True,True,True,True,True,True,True,True,True,True,True,True,True,True,True,True,True,True,True,True,True,True,True
optimized_pose/optimized_ligand_6YHB.sdf,6YHB_ligand,0,True,True,True,True,True,True,True,True,True,True,True,True,True,True,True,True,True,True,False,True,True,True,True,True,True,True,True
optimized_pose/optimized_ligand_6YSX.sdf,6YSX_ligand,0,True,True,True,True,True,True,True,True,True,True,True,True,True,True,True,True,True,True,True,True,True,True,True,True,True,True,True
optimized_pose/optimized_ligand_6YXV.sdf,6YXV_ligand,0,True,True,True,True,True,True,True,True,True,True,True,True,True,True,True,True,True,True,False,True,True,True,True,True,True,True,True
optimized_pose/optimized_ligand_6YYA.sdf,6YYA_ligand,0,True,True,True,True,True,True,True,True,True,True,True,True,True,True,True,True,True,True,False,True,True,True,True,True,True,True,True
optimized_pose/optimized_ligand_6YYB.sdf,6YYB_ligand,0,True,True,True,True,True,True,True,True,True,True,True,True,True,True,True,True,True,True,False,True,True,True,True,True,True,True,True
optimized_pose/optimized_ligand_6YYD.sdf,6YYD_ligand,0,True,True,True,True,True,True,True,True,True,True,True,True,True,True,True,True,True,True,False,True,True,True,True,True,True,True,True
optimized_pose/optimized_ligand_7A4Q.sdf,7A4Q_ligand,0,True,True,True,True,True,True,True,True,True,True,True,True,False,True,True,True,False,True,False,True,True,True,True,True,True,True,True
optimized_pose/optimized_ligand_7A5D.sdf,7A5D_ligand,0,True,True,True,True,True,True,True,True,True,True,True,True,True,True,True,True,True,True,True,True,True,True,True,True,True,True,True
optimized_pose/optimized_ligand_7AEQ.sdf,7AEQ_ligand,0,True,True,True,True,True,True,True,True,True,True,True,True,False,True,True,True,False,True,False,True,True,True,True,True,True,True,True
optimized_pose/optimized_ligand_7AES.sdf,7AES_ligand,0,True,True,True,True,True,True,True,True,True,True,True,True,True,True,True,True,True,True,False,True,True,True,True,True,True,True,True
optimized_pose/optimized_ligand_7AGN.sdf,7AGN_ligand,0,True,True,True,True,True,True,True,True,True,True,True,True,True,True,True,True,True,True,False,True,True,True,True,True,True,True,False
optimized_pose/optimized_ligand_7AJA.sdf,7AJA_ligand,0,True,True,True,True,True,True,True,True,True,True,True,True,True,True,True,True,True,True,True,True,True,True,True,True,True,True,True
optimized_pose/optimized_ligand_7AUZ.sdf,7AUZ_ligand,0,True,True,True,True,True,True,True,True,True,False,True,True,True,True,True,True,True,True,True,True,True,True,True,True,True,True,True
optimized_pose/optimized_ligand_7B0V.sdf,7B0V_ligand,0,True,True,True,True,True,True,True,True,True,True,True,True,True,True,True,True,True,True,True,True,True,True,True,True,True,True,True
optimized_pose/optimized_ligand_7B5Z.sdf,7B5Z_ligand,0,True,True,True,True,True,True,True,True,True,True,True,True,True,True,True,True,True,True,False,True,True,True,False,True,True,True,True
optimized_pose/optimized_ligand_7B67.sdf,7B67_ligand,0,True,True,True,True,True,True,True,True,True,False,True,True,True,True,True,True,False,True,False,True,True,True,False,True,True,True,True
optimized_pose/optimized_ligand_7BLT.sdf,7BLT_ligand,0,True,True,True,True,True,True,True,True,True,True,True,True,True,True,True,True,True,True,False,True,True,True,True,True,True,True,True
optimized_pose/optimized_ligand_7BQU.sdf,7BQU_ligand,0,True,True,True,True,True,True,True,True,True,False,True,True,True,True,True,True,True,True,False,True,True,True,True,True,True,True,True
optimized_pose/optimized_ligand_7CIL.sdf,7CIL_ligand,0,True,True,True,True,True,True,True,True,True,True,True,True,True,True,True,True,True,True,True,True,True,True,True,True,True,True,True
optimized_pose/optimized_ligand_7CKK.sdf,7CKK_ligand,0,True,True,True,True,True,True,True,True,True,True,True,True,False,True,True,True,False,True,False,True,True,True,True,True,True,True,True
optimized_pose/optimized_ligand_7D22.sdf,7D22_ligand,0,True,True,True,True,True,True,True,True,True,True,True,True,True,True,True,True,True,True,False,True,True,True,True,True,True,True,True
optimized_pose/optimized_ligand_7D2X.sdf,7D2X_ligand,0,True,True,True,True,True,True,True,True,True,False,True,True,True,True,True,True,True,True,False,True,True,True,False,True,True,True,True
optimized_pose/optimized_ligand_7D57.sdf,7D57_ligand,0,True,True,True,True,True,True,True,True,True,True,True,True,True,True,True,True,True,True,False,True,True,True,True,True,True,True,True
optimized_pose/optimized_ligand_7D5B.sdf,7D5B_ligand,0,True,True,True,True,True,True,True,True,True,True,True,True,True,True,True,True,True,True,False,True,True,True,True,True,True,True,True
optimized_pose/optimized_ligand_7D5U.sdf,7D5U_ligand,0,True,True,True,True,True,True,True,True,True,True,True,True,True,True,True,True,True,True,False,True,True,True,False,True,True,True,True
optimized_pose/optimized_ligand_7DCF.sdf,7DCF_ligand,0,True,True,True,True,True,True,True,True,True,True,True,True,True,True,True,True,True,True,False,True,True,True,False,True,True,True,True
optimized_pose/optimized_ligand_7DCZ.sdf,7DCZ_ligand,0,True,True,True,True,True,True,True,True,True,True,True,True,True,True,True,True,True,True,False,True,True,True,True,True,True,True,True
optimized_pose/optimized_ligand_7DT6.sdf,7DT6_ligand,0,True,True,True,True,True,True,True,True,True,True,True,True,True,True,True,True,True,True,False,True,True,True,True,True,True,True,True
optimized_pose/optimized_ligand_7EBH.sdf,7EBH_ligand,0,True,True,True,True,True,True,True,True,True,True,True,True,True,True,True,True,True,True,False,True,True,True,True,True,True,True,True
optimized_pose/optimized_ligand_7EG3.sdf,7EG3_ligand,0,True,True,True,True,True,True,True,True,True,True,True,True,True,True,True,True,True,True,False,True,True,True,True,True,True,True,True
optimized_pose/optimized_ligand_7ENS.sdf,7ENS_ligand,0,True,True,True,True,True,True,True,True,True,False,True,True,True,True,True,True,True,True,False,True,True,True,False,True,True,True,True
optimized_pose/optimized_ligand_7ERA.sdf,7ERA_ligand,0,True,True,True,True,True,True,True,True,True,True,True,True,True,True,True,True,True,True,True,True,True,True,True,True,True,True,False
optimized_pose/optimized_ligand_7ERB.sdf,7ERB_ligand,0,True,True,True,True,True,True,True,True,True,True,True,True,True,True,True,True,True,True,False,True,True,True,True,True,True,True,True
optimized_pose/optimized_ligand_7F1D.sdf,7F1D_ligand,0,True,True,True,True,True,True,True,True,True,True,True,True,True,True,True,True,True,True,False,True,True,True,False,True,True,True,True
optimized_pose/optimized_ligand_7F43.sdf,7F43_ligand,0,True,True,True,True,True,True,True,True,True,False,True,True,True,True,True,True,True,True,False,True,True,True,True,True,True,True,True
optimized_pose/optimized_ligand_7FH4.sdf,7FH4_ligand,0,True,True,True,True,True,True,True,True,True,True,True,True,True,True,True,True,True,True,False,True,True,True,True,True,True,True,True
optimized_pose/optimized_ligand_7FUV.sdf,7FUV_ligand,0,True,True,True,True,True,True,True,True,True,True,True,True,True,True,True,True,True,True,False,True,True,True,True,True,True,True,True
optimized_pose/optimized_ligand_7FVN.sdf,7FVN_ligand,0,True,True,True,True,True,True,True,True,True,True,True,True,True,True,True,True,True,True,True,True,True,True,True,True,True,True,True
optimized_pose/optimized_ligand_7FWC.sdf,7FWC_ligand,0,True,True,True,True,True,True,True,True,True,True,True,True,True,True,True,True,True,True,True,True,True,True,True,True,True,True,True
optimized_pose/optimized_ligand_7FXG.sdf,7FXG_ligand,0,True,True,True,True,True,True,True,True,True,True,True,True,False,True,True,True,False,True,True,True,True,True,True,True,True,True,True
optimized_pose/optimized_ligand_7FXN.sdf,7FXN_ligand,0,True,True,True,True,True,True,True,True,True,False,True,True,True,True,True,True,True,True,False,True,True,True,True,True,True,True,True
optimized_pose/optimized_ligand_7FYD.sdf,7FYD_ligand,0,True,True,True,True,True,True,True,True,True,True,True,True,True,True,True,True,True,True,False,True,True,True,True,True,True,True,True
optimized_pose/optimized_ligand_7FYF.sdf,7FYF_ligand,0,True,True,True,True,True,True,True,True,True,True,True,True,True,True,True,True,False,True,False,True,True,True,True,True,True,True,True
optimized_pose/optimized_ligand_7FZ4.sdf,7FZ4_ligand,0,True,True,True,True,True,True,True,True,True,True,True,True,False,True,True,True,False,True,False,True,True,True,True,True,True,True,True
optimized_pose/optimized_ligand_7FZ9.sdf,7FZ9_ligand,0,True,True,True,True,True,True,True,True,True,True,True,True,True,True,True,True,True,True,True,True,True,True,True,True,True,True,True
optimized_pose/optimized_ligand_7G0A.sdf,7G0A_ligand,0,True,True,True,True,True,True,True,True,True,True,True,True,True,True,True,True,False,True,False,True,True,True,True,True,True,True,True
optimized_pose/optimized_ligand_7G11.sdf,7G11_ligand,0,True,True,True,True,True,True,True,True,True,True,True,True,True,True,True,True,True,True,True,True,True,True,True,True,True,True,True
optimized_pose/optimized_ligand_7G14.sdf,7G14_ligand,0,True,True,True,True,True,True,True,True,True,True,True,True,True,True,True,True,True,True,False,True,True,True,True,True,True,True,True
optimized_pose/optimized_ligand_7G19.sdf,7G19_ligand,0,True,True,True,True,True,True,True,True,True,True,True,True,True,True,True,True,True,True,True,True,True,True,True,True,True,True,True
optimized_pose/optimized_ligand_7G1K.sdf,7G1K_ligand,0,True,True,True,True,True,True,True,True,True,True,True,True,True,True,True,True,True,True,True,True,True,True,True,True,True,True,True
optimized_pose/optimized_ligand_7G21.sdf,7G21_ligand,0,True,True,True,True,True,True,True,True,True,True,True,True,True,True,True,True,True,True,True,True,True,True,True,True,True,True,True
optimized_pose/optimized_ligand_7GCC.sdf,7GCC_ligand,0,True,True,True,True,True,True,True,True,True,True,True,True,True,True,True,True,True,True,False,True,True,True,True,True,True,True,True
optimized_pose/optimized_ligand_7GDJ.sdf,7GDJ_ligand,0,True,True,True,True,True,True,True,True,True,True,True,True,True,True,True,True,True,True,False,True,True,True,True,True,True,True,True
optimized_pose/optimized_ligand_7GEB.sdf,7GEB_ligand,0,True,True,True,True,True,True,True,True,True,True,True,True,True,True,True,True,True,True,False,True,True,True,True,True,True,True,True
optimized_pose/optimized_ligand_7GEI.sdf,7GEI_ligand,0,True,True,True,True,True,True,True,True,True,True,True,True,False,True,True,True,False,True,False,True,True,True,True,True,True,True,True
optimized_pose/optimized_ligand_7GEL.sdf,7GEL_ligand,0,True,True,True,True,True,True,True,True,True,True,True,True,True,True,True,True,True,True,False,True,True,True,True,True,True,True,True
optimized_pose/optimized_ligand_7GEM.sdf,7GEM_ligand,0,True,True,True,True,True,True,True,True,True,True,True,True,True,True,True,True,True,True,False,True,True,True,True,True,True,True,True
optimized_pose/optimized_ligand_7GGH.sdf,7GGH_ligand,0,True,True,True,True,True,True,True,True,True,True,True,True,True,True,True,True,False,True,False,True,True,True,True,True,True,True,True
optimized_pose/optimized_ligand_7GIX.sdf,7GIX_ligand,0,True,True,True,True,True,True,True,True,True,True,True,True,True,True,True,True,True,True,False,True,True,True,True,True,True,True,True
optimized_pose/optimized_ligand_7GNC.sdf,7GNC_ligand,0,True,True,True,True,True,True,True,True,True,True,True,True,False,True,True,True,False,True,False,False,True,False,True,True,True,True,True
optimized_pose/optimized_ligand_7GNS.sdf,7GNS_ligand,0,True,True,True,True,True,True,True,True,True,True,True,True,True,True,True,True,True,True,False,True,True,True,True,True,True,True,True
optimized_pose/optimized_ligand_7GY4.sdf,7GY4_ligand,0,True,True,True,True,True,True,True,True,True,False,True,True,True,True,True,True,True,True,False,True,True,True,True,True,True,True,True
optimized_pose/optimized_ligand_7GY5.sdf,7GY5_ligand,0,True,True,True,True,True,True,True,True,True,False,True,True,True,True,True,True,True,True,False,True,True,True,False,True,True,True,True
optimized_pose/optimized_ligand_7GY6.sdf,7GY6_ligand,0,True,True,True,True,True,True,True,True,True,False,True,True,True,True,True,True,True,True,False,True,True,True,False,True,True,True,True
optimized_pose/optimized_ligand_7GYB.sdf,7GYB_ligand,0,True,True,True,True,True,True,True,True,True,False,True,True,True,True,True,True,True,True,False,True,True,True,True,True,True,True,True
optimized_pose/optimized_ligand_7GYC.sdf,7GYC_ligand,0,True,True,True,True,True,True,True,True,True,False,True,True,True,True,True,True,True,True,False,True,True,True,False,True,True,True,True
optimized_pose/optimized_ligand_7KK3.sdf,7KK3_ligand,0,True,True,True,True,True,True,True,True,True,True,True,True,True,True,True,True,True,True,False,True,True,True,True,True,True,True,False
optimized_pose/optimized_ligand_7KP6.sdf,7KP6_ligand,0,True,True,True,True,True,True,True,True,True,True,True,True,True,True,True,True,True,True,True,True,True,True,True,True,True,True,True
optimized_pose/optimized_ligand_7KXL.sdf,7KXL_ligand,0,True,True,True,True,True,True,True,True,True,True,True,True,True,True,True,True,True,True,False,True,True,True,True,True,True,True,True
optimized_pose/optimized_ligand_7KXN.sdf,7KXN_ligand,0,True,True,True,True,True,True,True,True,True,True,True,True,True,True,True,True,True,True,False,True,True,True,True,True,True,True,True
optimized_pose/optimized_ligand_7KYY.sdf,7KYY_ligand,0,True,True,True,True,True,True,True,True,True,True,True,True,True,True,True,True,True,True,False,True,True,True,False,True,True,True,True
optimized_pose/optimized_ligand_7L10.sdf,7L10_ligand,0,True,True,True,True,True,True,True,True,True,True,True,True,True,True,True,True,True,True,False,True,True,True,True,True,True,True,False
optimized_pose/optimized_ligand_7LKK.sdf,7LKK_ligand,0,True,True,True,True,True,True,True,True,True,False,True,True,True,True,True,True,True,True,False,True,True,True,False,True,True,True,True
optimized_pose/optimized_ligand_7LZO.sdf,7LZO_ligand,0,True,True,True,True,True,True,True,True,True,True,True,True,True,True,True,True,True,True,True,True,True,True,True,True,True,True,True
optimized_pose/optimized_ligand_7M0L.sdf,7M0L_ligand,0,True,True,True,True,True,True,True,True,True,True,True,True,True,True,True,True,True,True,False,True,True,True,True,True,True,True,True
optimized_pose/optimized_ligand_7M0X.sdf,7M0X_ligand,0,True,True,True,True,True,True,True,True,True,False,True,True,True,True,True,True,True,True,True,True,True,True,True,True,True,True,True
optimized_pose/optimized_ligand_7M91.sdf,7M91_ligand,0,True,True,True,True,True,True,True,True,True,True,True,True,True,True,True,True,True,True,False,True,True,True,True,True,True,True,True
optimized_pose/optimized_ligand_7MDN.sdf,7MDN_ligand,0,True,True,True,True,True,True,True,True,True,False,True,True,True,True,True,True,True,True,True,True,True,True,True,True,True,True,True
optimized_pose/optimized_ligand_7N4R.sdf,7N4R_ligand,0,True,True,True,True,True,True,True,True,True,True,True,True,True,True,True,True,True,True,False,True,True,True,False,True,True,True,True
optimized_pose/optimized_ligand_7NZS.sdf,7NZS_ligand,0,True,True,True,True,True,True,True,True,True,True,True,True,False,True,True,True,False,True,False,True,True,True,True,True,True,True,True
optimized_pose/optimized_ligand_7NZW.sdf,7NZW_ligand,0,True,True,True,True,True,True,True,True,True,True,True,True,True,True,True,True,True,True,False,True,True,True,True,True,True,True,True
optimized_pose/optimized_ligand_7NZY.sdf,7NZY_ligand,0,True,True,True,True,True,True,True,True,True,True,True,True,True,True,True,True,True,True,True,True,True,True,True,True,True,True,True
optimized_pose/optimized_ligand_7O28.sdf,7O28_ligand,0,True,True,True,True,True,True,True,True,True,True,True,True,True,True,True,True,True,True,False,True,True,True,True,True,True,True,True
optimized_pose/optimized_ligand_7O3U.sdf,7O3U_ligand,0,True,True,True,True,True,True,True,True,True,True,True,True,True,True,True,True,True,True,True,True,True,True,True,True,True,True,True
optimized_pose/optimized_ligand_7OCV.sdf,7OCV_ligand,0,True,True,True,True,True,True,True,True,True,True,True,True,True,True,True,True,True,True,False,True,True,True,False,True,True,True,True
optimized_pose/optimized_ligand_7ODN.sdf,7ODN_ligand,0,True,True,True,True,True,True,True,True,True,True,True,True,True,True,True,True,True,True,True,True,True,True,True,True,True,True,True
optimized_pose/optimized_ligand_7OKP.sdf,7OKP_ligand,0,True,True,True,True,True,True,True,True,True,True,True,True,True,True,True,True,True,True,False,True,True,True,True,True,True,True,True
optimized_pose/optimized_ligand_7OLQ.sdf,7OLQ_ligand,0,True,True,True,True,True,True,True,True,True,True,True,True,True,True,True,True,True,True,True,True,True,True,True,True,True,True,True
optimized_pose/optimized_ligand_7OPG.sdf,7OPG_ligand,0,True,True,True,True,True,True,True,True,True,True,True,True,True,True,True,True,True,True,True,True,True,True,True,True,True,True,True
optimized_pose/optimized_ligand_7OTH.sdf,7OTH_ligand,0,True,True,True,True,True,True,True,True,True,True,True,True,True,True,True,True,False,True,True,True,True,True,True,True,True,True,True
optimized_pose/optimized_ligand_7OVJ.sdf,7OVJ_ligand,0,True,True,True,True,True,True,True,True,True,True,True,True,True,True,True,True,True,True,True,True,True,True,True,True,True,True,True
optimized_pose/optimized_ligand_7OY0.sdf,7OY0_ligand,0,True,True,True,True,True,True,True,True,True,True,True,True,True,True,True,True,True,True,False,True,True,True,False,True,True,True,True
optimized_pose/optimized_ligand_7OYO.sdf,7OYO_ligand,0,True,True,True,True,True,True,True,True,True,True,True,True,True,True,True,True,True,True,False,True,True,True,True,True,True,True,True
optimized_pose/optimized_ligand_7PRM.sdf,7PRM_ligand,0,True,True,True,True,True,True,True,True,True,True,True,True,True,True,True,True,True,True,False,True,True,True,True,True,True,True,True
optimized_pose/optimized_ligand_7Q0C.sdf,7Q0C_ligand,0,True,True,True,True,True,True,True,True,True,True,True,True,True,True,True,True,True,True,False,True,True,True,True,True,True,True,True
optimized_pose/optimized_ligand_7Q0E.sdf,7Q0E_ligand,0,True,True,True,True,True,True,True,True,True,True,True,True,True,True,True,True,True,True,False,True,True,True,True,True,True,True,True
optimized_pose/optimized_ligand_7Q1C.sdf,7Q1C_ligand,0,True,True,True,True,True,True,True,True,True,True,True,True,True,True,True,True,True,True,True,True,True,True,True,True,True,True,True
optimized_pose/optimized_ligand_7Q7K.sdf,7Q7K_ligand,0,True,True,True,True,True,True,True,True,True,True,True,True,True,True,True,True,True,True,True,True,True,True,True,True,True,True,True
optimized_pose/optimized_ligand_7Q7L.sdf,7Q7L_ligand,0,True,True,True,True,True,True,True,True,True,True,True,True,True,True,True,True,True,True,False,True,True,True,True,True,True,True,True
optimized_pose/optimized_ligand_7QCH.sdf,7QCH_ligand,0,True,True,True,True,True,True,True,True,True,True,True,True,True,True,True,True,True,True,False,True,True,True,True,True,True,True,True
optimized_pose/optimized_ligand_7QGZ.sdf,7QGZ_ligand,0,True,True,True,True,True,True,True,True,True,True,True,True,True,True,True,True,True,True,False,True,True,True,False,True,True,True,True
optimized_pose/optimized_ligand_7QHL.sdf,7QHL_ligand,0,True,True,True,True,True,True,True,True,True,True,True,True,True,True,True,True,True,True,False,True,True,True,False,True,True,True,True
optimized_pose/optimized_ligand_7QPH.sdf,7QPH_ligand,0,True,True,True,True,True,True,True,True,True,True,True,True,True,True,True,True,True,True,False,True,True,True,True,True,True,True,True
optimized_pose/optimized_ligand_7QRD.sdf,7QRD_ligand,0,True,True,True,True,True,True,True,True,True,True,True,True,True,True,True,True,True,True,False,True,True,True,True,True,True,True,True
optimized_pose/optimized_ligand_7R9N.sdf,7R9N_ligand,0,True,True,True,True,True,True,True,True,True,True,True,True,True,True,True,True,True,True,False,True,True,True,True,True,True,True,True
optimized_pose/optimized_ligand_7R9T.sdf,7R9T_ligand,0,True,True,True,True,True,True,True,True,True,False,True,True,True,True,True,True,False,True,False,True,True,True,True,True,True,True,True
optimized_pose/optimized_ligand_7RA5.sdf,7RA5_ligand,0,True,True,True,True,True,True,True,True,True,False,True,True,True,True,True,True,True,True,False,True,True,True,True,True,True,True,True
optimized_pose/optimized_ligand_7RAE.sdf,7RAE_ligand,0,True,True,True,True,True,True,True,True,True,True,False,False,True,True,True,True,True,True,True,True,True,True,True,True,True,True,True
optimized_pose/optimized_ligand_7RCT.sdf,7RCT_ligand,0,True,True,True,True,True,True,True,True,True,True,True,True,True,True,True,True,True,True,False,True,True,True,True,True,True,True,True
optimized_pose/optimized_ligand_7RL2.sdf,7RL2_ligand,0,True,True,True,True,True,True,True,True,True,True,True,True,True,True,True,True,True,True,False,True,True,True,True,True,True,True,False
optimized_pose/optimized_ligand_7RM2.sdf,7RM2_ligand,0,True,True,True,True,True,True,True,True,True,True,True,True,True,True,True,True,True,True,False,True,True,True,True,True,True,True,True
optimized_pose/optimized_ligand_7RN5.sdf,7RN5_ligand,0,True,True,True,True,True,True,True,True,True,True,True,True,True,True,True,True,True,True,True,True,True,True,True,True,True,True,True
optimized_pose/optimized_ligand_7RSP.sdf,7RSP_ligand,0,True,True,True,True,True,True,True,True,True,False,True,True,True,True,True,True,True,True,False,True,True,True,True,True,True,True,True
optimized_pose/optimized_ligand_7S1D.sdf,7S1D_ligand,0,True,True,True,True,True,True,True,True,True,True,True,True,True,True,True,True,True,True,False,True,True,True,True,True,True,True,True
optimized_pose/optimized_ligand_7S1F.sdf,7S1F_ligand,0,True,True,True,True,True,True,True,True,True,True,True,True,True,True,True,True,True,True,False,True,True,True,True,True,True,True,True
optimized_pose/optimized_ligand_7S1N.sdf,7S1N_ligand,0,True,True,True,True,True,True,True,True,True,True,True,True,False,True,True,True,True,True,False,True,True,True,False,True,True,True,True
optimized_pose/optimized_ligand_7S6V.sdf,7S6V_ligand,0,True,True,True,True,True,True,True,True,True,True,True,True,True,True,True,True,True,True,True,True,True,True,True,True,True,True,True
optimized_pose/optimized_ligand_7SIU.sdf,7SIU_ligand,0,True,True,True,True,True,True,True,True,True,False,True,True,True,True,True,True,True,True,True,True,True,True,True,True,True,True,True
optimized_pose/optimized_ligand_7UM9.sdf,7UM9_ligand,0,True,True,True,True,True,True,True,True,True,True,True,True,True,True,True,True,True,True,True,True,True,True,True,True,True,True,True
optimized_pose/optimized_ligand_7V10.sdf,7V10_ligand,0,True,True,True,True,True,True,True,True,True,True,True,True,False,True,True,True,False,True,False,True,True,True,False,True,True,True,True
optimized_pose/optimized_ligand_7V12.sdf,7V12_ligand,0,True,True,True,True,True,True,True,True,True,True,True,True,True,True,True,True,True,True,True,True,True,True,True,True,True,True,True
optimized_pose/optimized_ligand_7VC1.sdf,7VC1_ligand,0,True,True,True,True,True,True,True,True,True,True,True,True,True,True,True,True,True,True,False,True,True,True,True,True,True,True,True
optimized_pose/optimized_ligand_7VF0.sdf,7VF0_ligand,0,True,True,True,True,True,True,True,True,True,True,True,True,True,True,True,True,True,True,True,True,True,True,True,True,True,True,True
optimized_pose/optimized_ligand_7VMG.sdf,7VMG_ligand,0,True,True,True,True,True,True,True,True,True,True,True,True,False,True,True,True,True,True,False,True,True,True,False,True,True,True,True
optimized_pose/optimized_ligand_7VWT.sdf,7VWT_ligand,0,True,True,True,True,True,True,True,True,True,True,True,True,False,True,True,True,False,True,False,True,True,True,True,True,True,True,True
optimized_pose/optimized_ligand_7W1I.sdf,7W1I_ligand,0,True,True,True,True,True,True,True,True,True,True,True,True,True,True,True,True,True,True,False,True,True,True,True,True,True,True,True
optimized_pose/optimized_ligand_7WLX.sdf,7WLX_ligand,0,True,True,True,True,True,True,True,True,True,True,True,True,True,True,True,True,True,True,False,True,True,True,False,True,True,True,True
optimized_pose/optimized_ligand_7WQQ.sdf,7WQQ_ligand,0,True,True,True,True,True,True,True,True,True,True,True,True,True,True,True,True,True,True,False,True,True,True,True,True,True,True,False
optimized_pose/optimized_ligand_7WT0.sdf,7WT0_ligand,0,True,True,True,True,True,True,True,True,True,True,True,True,False,True,True,True,False,True,True,True,True,True,True,True,True,True,True
optimized_pose/optimized_ligand_7X81.sdf,7X81_ligand,0,True,True,True,True,True,True,True,True,True,True,True,True,True,True,True,True,True,True,True,True,True,True,True,True,True,True,True
optimized_pose/optimized_ligand_7XEF.sdf,7XEF_ligand,0,True,True,True,True,True,True,True,True,True,True,True,True,True,True,True,True,True,True,False,True,True,True,True,True,True,True,True
optimized_pose/optimized_ligand_7XHQ.sdf,7XHQ_ligand,0,True,True,True,True,True,True,True,True,True,True,True,True,True,True,True,True,True,True,False,True,True,True,True,True,True,True,True
optimized_pose/optimized_ligand_7XQY.sdf,7XQY_ligand,0,True,True,True,True,True,True,True,True,True,True,True,True,True,True,True,True,True,True,True,True,True,True,True,True,True,True,True
optimized_pose/optimized_ligand_7XVU.sdf,7XVU_ligand,0,True,True,True,True,True,True,True,True,True,True,True,True,True,True,True,True,False,True,False,True,True,True,True,True,True,True,True
optimized_pose/optimized_ligand_7XZW.sdf,7XZW_ligand,0,True,True,True,True,True,True,True,True,True,True,True,True,True,True,True,True,True,True,True,True,True,True,True,True,True,True,True
optimized_pose/optimized_ligand_7Y05.sdf,7Y05_ligand,0,True,True,True,True,True,True,True,True,True,True,True,True,True,True,True,True,True,True,False,True,True,True,True,True,True,True,True
optimized_pose/optimized_ligand_7YC9.sdf,7YC9_ligand,0,True,True,True,True,True,True,True,True,True,False,True,True,True,True,True,True,True,True,False,True,True,True,False,True,True,True,False
optimized_pose/optimized_ligand_7YHC.sdf,7YHC_ligand,0,True,True,True,True,True,True,True,True,True,True,True,True,False,True,True,True,False,True,False,True,True,True,True,True,True,True,True
optimized_pose/optimized_ligand_7ZSQ.sdf,7ZSQ_ligand,0,True,True,True,True,True,True,True,True,True,True,True,True,True,True,True,True,True,True,False,True,True,True,True,True,True,True,True
optimized_pose/optimized_ligand_7ZTZ.sdf,7ZTZ_ligand,0,True,True,True,True,True,True,True,True,True,False,True,True,True,True,True,True,True,True,False,True,True,True,True,True,True,True,True
optimized_pose/optimized_ligand_7ZU1.sdf,7ZU1_ligand,0,True,True,True,True,True,True,True,True,True,False,True,True,True,True,True,True,True,True,True,True,True,True,True,True,True,True,True
optimized_pose/optimized_ligand_7ZU2.sdf,7ZU2_ligand,0,True,True,True,True,True,True,True,True,True,False,True,True,True,True,True,True,True,True,False,True,True,True,True,True,True,True,True
optimized_pose/optimized_ligand_8A0B.sdf,8A0B_ligand,0,True,True,True,True,True,True,True,True,True,False,True,True,True,True,True,True,False,True,False,True,True,True,False,True,True,True,True
optimized_pose/optimized_ligand_8A32.sdf,8A32_ligand,0,True,True,True,True,True,True,True,True,True,True,True,True,True,True,True,True,True,True,False,True,True,True,True,True,True,True,True
optimized_pose/optimized_ligand_8A5J.sdf,8A5J_ligand,0,True,True,True,True,True,True,True,True,True,True,True,True,True,True,True,True,True,True,False,True,True,True,True,True,True,True,True
optimized_pose/optimized_ligand_8A66.sdf,8A66_ligand,0,True,True,True,True,True,True,True,True,True,True,True,True,True,True,True,True,True,True,True,True,True,True,True,True,True,True,True
optimized_pose/optimized_ligand_8APW.sdf,8APW_ligand,0,True,True,True,True,True,True,True,True,True,True,True,True,False,True,True,True,True,True,False,True,True,True,True,True,True,True,True
optimized_pose/optimized_ligand_8ARJ.sdf,8ARJ_ligand,0,True,True,True,True,True,True,True,True,True,True,True,True,True,True,True,True,True,True,False,True,True,True,True,True,True,True,True
optimized_pose/optimized_ligand_8BA6.sdf,8BA6_ligand,0,True,True,True,True,True,True,True,True,True,True,True,True,False,True,True,True,False,True,False,True,True,True,True,True,True,True,True
optimized_pose/optimized_ligand_8BJH.sdf,8BJH_ligand,0,True,True,True,True,True,True,True,True,True,True,True,True,True,True,True,True,True,True,True,True,True,True,True,True,True,True,True
optimized_pose/optimized_ligand_8BPV.sdf,8BPV_ligand,0,True,True,True,True,True,True,True,True,True,True,True,True,False,True,True,True,False,True,False,True,True,True,False,True,True,True,True
optimized_pose/optimized_ligand_8BPW.sdf,8BPW_ligand,0,True,True,True,True,True,True,True,True,True,True,True,True,True,True,True,True,True,True,True,True,True,True,True,True,True,True,True
optimized_pose/optimized_ligand_8BR0.sdf,8BR0_ligand,0,True,True,True,True,True,True,True,True,True,True,True,True,True,True,True,True,True,True,False,False,True,False,True,True,True,True,True
optimized_pose/optimized_ligand_8BSD.sdf,8BSD_ligand,0,True,True,True,True,True,True,True,True,True,True,True,True,True,True,True,True,True,True,True,True,True,True,True,True,True,True,True
optimized_pose/optimized_ligand_8BSR.sdf,8BSR_ligand,0,True,True,True,True,True,True,True,True,True,True,True,True,True,True,True,True,True,True,False,True,True,True,True,True,True,True,True
optimized_pose/optimized_ligand_8BUV.sdf,8BUV_ligand,0,True,True,True,True,True,True,True,True,True,True,True,True,True,True,True,True,True,True,False,True,True,True,True,True,True,True,True
optimized_pose/optimized_ligand_8BVA.sdf,8BVA_ligand,0,True,True,True,True,True,True,True,True,True,False,True,True,True,True,True,True,True,True,False,True,True,True,True,True,True,True,True
optimized_pose/optimized_ligand_8BXH.sdf,8BXH_ligand,0,True,True,True,True,True,True,True,True,True,True,True,True,True,True,True,True,True,True,False,True,True,True,True,True,True,True,True
optimized_pose/optimized_ligand_8BZI.sdf,8BZI_ligand,0,True,True,True,True,True,True,True,True,True,True,True,True,True,True,True,True,True,True,True,True,True,True,True,True,True,True,True
optimized_pose/optimized_ligand_8C14.sdf,8C14_ligand,0,True,True,True,True,True,True,True,True,True,True,True,True,True,True,True,True,True,True,False,True,True,True,True,True,True,True,True
optimized_pose/optimized_ligand_8C1J.sdf,8C1J_ligand,0,True,True,True,True,True,True,True,True,True,False,True,True,True,True,True,True,True,True,False,True,True,True,True,True,True,True,True
optimized_pose/optimized_ligand_8CCG.sdf,8CCG_ligand,0,True,True,True,True,True,True,True,True,True,True,True,True,False,True,True,True,False,True,False,True,True,True,True,True,True,True,True
optimized_pose/optimized_ligand_8COJ.sdf,8COJ_ligand,0,True,True,True,True,True,True,True,True,True,True,True,True,True,True,True,True,True,True,False,True,True,True,True,True,True,True,True
optimized_pose/optimized_ligand_8CRH.sdf,8CRH_ligand,0,True,True,True,True,True,True,True,True,True,True,True,True,True,True,True,True,True,True,False,True,True,True,False,True,True,True,True
optimized_pose/optimized_ligand_8D1P.sdf,8D1P_ligand,0,True,True,True,True,True,True,True,True,True,True,True,True,True,True,True,True,True,True,True,True,True,True,True,True,True,True,True
optimized_pose/optimized_ligand_8D1S.sdf,8D1S_ligand,0,True,True,True,True,True,True,True,True,True,False,True,True,True,True,True,True,True,True,False,True,True,True,True,True,True,True,True
optimized_pose/optimized_ligand_8D6E.sdf,8D6E_ligand,0,True,True,True,True,True,True,True,True,True,True,True,True,True,True,True,True,True,True,False,True,True,True,True,True,True,True,True
optimized_pose/optimized_ligand_8DL9.sdf,8DL9_ligand,0,True,True,True,True,True,True,True,True,True,True,True,True,True,True,True,True,True,True,False,True,True,True,True,True,True,True,True
optimized_pose/optimized_ligand_8DML.sdf,8DML_ligand,0,True,True,True,True,True,True,True,True,True,True,True,True,True,True,True,True,True,True,False,True,True,True,True,True,True,True,True
optimized_pose/optimized_ligand_8DNJ.sdf,8DNJ_ligand,0,True,True,True,True,True,True,True,True,True,False,True,True,True,True,True,True,True,True,False,True,True,True,True,True,True,True,True
optimized_pose/optimized_ligand_8EM3.sdf,8EM3_ligand,0,True,True,True,True,True,True,True,True,True,True,True,True,True,True,True,True,True,True,False,True,True,True,True,True,True,True,True
optimized_pose/optimized_ligand_8EMU.sdf,8EMU_ligand,0,True,True,True,True,True,True,True,True,True,True,True,True,True,True,True,True,True,True,True,True,True,True,True,True,True,True,True
optimized_pose/optimized_ligand_8F1G.sdf,8F1G_ligand,0,True,True,True,True,True,True,True,True,True,True,True,True,True,True,True,True,True,True,False,True,True,True,True,True,True,True,True
optimized_pose/optimized_ligand_8FGZ.sdf,8FGZ_ligand,0,True,True,True,True,True,True,True,True,True,True,True,True,True,True,True,True,True,True,False,True,True,True,True,True,True,True,True
optimized_pose/optimized_ligand_8FH0.sdf,8FH0_ligand,0,True,True,True,True,True,True,True,True,True,True,True,True,True,True,True,True,True,True,False,True,True,True,False,True,True,True,True
optimized_pose/optimized_ligand_8FIO.sdf,8FIO_ligand,0,True,True,True,True,True,True,True,True,True,True,True,True,True,True,True,True,True,True,True,True,True,True,True,True,True,True,True
optimized_pose/optimized_ligand_8FWZ.sdf,8FWZ_ligand,0,True,True,True,True,True,True,True,True,True,True,True,True,True,True,True,True,False,True,True,True,True,True,True,True,True,True,True
optimized_pose/optimized_ligand_8G4A.sdf,8G4A_ligand,0,True,True,True,True,True,True,True,True,True,True,True,True,True,True,True,True,True,True,True,True,True,True,True,True,True,True,True
optimized_pose/optimized_ligand_8GD4.sdf,8GD4_ligand,0,True,True,True,True,True,True,True,True,True,True,True,True,True,True,True,True,True,True,False,True,False,True,False,True,True,True,True
optimized_pose/optimized_ligand_8HD3.sdf,8HD3_ligand,0,True,True,True,True,True,True,True,True,True,True,True,True,True,True,True,True,False,True,False,True,True,True,True,True,True,True,True
optimized_pose/optimized_ligand_8HQ5.sdf,8HQ5_ligand,0,True,True,True,True,True,True,True,True,True,True,True,True,True,True,True,True,True,True,False,True,True,True,True,True,True,True,True
optimized_pose/optimized_ligand_8HUQ.sdf,8HUQ_ligand,0,True,True,True,True,True,True,True,True,True,True,True,True,False,True,True,True,False,True,False,True,True,True,True,True,True,True,True
optimized_pose/optimized_ligand_8II3.sdf,8II3_ligand,0,True,True,True,True,True,True,True,True,True,True,True,True,False,True,True,True,False,True,False,True,True,True,False,True,True,True,True
optimized_pose/optimized_ligand_8IVU.sdf,8IVU_ligand,0,True,True,True,True,True,True,True,True,True,True,True,True,True,True,True,True,True,True,False,True,True,True,False,True,True,True,True
optimized_pose/optimized_ligand_8JBY.sdf,8JBY_ligand,0,True,True,True,True,True,True,True,True,True,True,True,True,False,True,True,True,False,True,True,True,True,True,True,True,True,True,True
optimized_pose/optimized_ligand_8JRD.sdf,8JRD_ligand,0,True,True,True,True,True,True,True,True,True,True,True,True,True,True,True,True,True,True,False,False,True,False,False,True,True,True,True
optimized_pose/optimized_ligand_8OGB.sdf,8OGB_ligand,0,True,True,True,True,True,True,True,True,True,True,True,True,True,True,True,True,True,True,False,True,True,True,True,True,True,True,True
optimized_pose/optimized_ligand_8OMD.sdf,8OMD_ligand,0,True,True,True,True,True,True,True,True,True,True,True,True,True,True,True,True,False,True,False,True,True,True,True,True,True,True,True
optimized_pose/optimized_ligand_8OMH.sdf,8OMH_ligand,0,True,True,True,True,True,True,True,True,True,True,True,True,True,True,True,True,True,True,False,True,False,True,True,True,True,True,True
optimized_pose/optimized_ligand_8OOJ.sdf,8OOJ_ligand,0,True,True,True,True,True,True,True,True,True,True,True,True,True,True,True,True,True,True,False,True,True,True,True,True,True,True,True
optimized_pose/optimized_ligand_8OV4.sdf,8OV4_ligand,0,True,True,True,True,True,True,True,True,True,True,True,True,True,True,True,True,True,True,False,True,True,True,False,True,True,True,True
optimized_pose/optimized_ligand_8P05.sdf,8P05_ligand,0,True,True,True,True,True,True,True,True,True,True,True,True,True,True,True,True,True,True,False,True,True,True,False,True,True,True,True
optimized_pose/optimized_ligand_8P07.sdf,8P07_ligand,0,True,True,True,True,True,True,True,True,True,True,True,True,True,True,True,True,True,True,False,True,True,True,True,True,True,True,True
optimized_pose/optimized_ligand_8P4H.sdf,8P4H_ligand,0,True,True,True,True,True,True,True,True,True,True,True,True,True,True,True,True,True,True,True,True,True,True,True,True,True,True,True
optimized_pose/optimized_ligand_8P5I.sdf,8P5I_ligand,0,True,True,True,True,True,True,True,True,True,True,True,True,True,True,True,True,True,True,True,True,True,True,True,True,True,True,True
optimized_pose/optimized_ligand_8P9I.sdf,8P9I_ligand,0,True,True,True,True,True,True,True,True,True,True,True,True,True,True,True,True,True,True,True,True,True,True,True,True,True,True,True
optimized_pose/optimized_ligand_8P9T.sdf,8P9T_ligand,0,True,True,True,True,True,True,True,True,True,True,True,True,True,True,True,True,True,True,False,True,True,True,True,True,True,True,True
optimized_pose/optimized_ligand_8PA8.sdf,8PA8_ligand,0,True,True,True,True,True,True,True,True,True,True,True,True,True,True,True,True,True,True,False,True,True,True,False,True,True,True,True
optimized_pose/optimized_ligand_8PD6.sdf,8PD6_ligand,0,True,True,True,True,True,True,True,True,True,True,True,True,True,True,True,True,True,True,False,True,True,True,False,True,True,True,True
optimized_pose/optimized_ligand_8PG3.sdf,8PG3_ligand,0,True,True,True,True,True,True,True,True,True,True,True,True,False,True,True,True,True,True,False,True,True,True,True,True,True,True,True
optimized_pose/optimized_ligand_8PG6.sdf,8PG6_ligand,0,True,True,True,True,True,True,True,True,True,True,True,True,False,True,True,True,True,True,False,True,True,True,False,True,True,True,True
optimized_pose/optimized_ligand_8PG7.sdf,8PG7_ligand,0,True,True,True,True,True,True,True,True,True,True,True,True,True,True,True,True,True,True,False,True,True,True,True,True,True,True,True
optimized_pose/optimized_ligand_8PGA.sdf,8PGA_ligand,0,True,True,True,True,True,True,True,True,True,True,True,True,True,True,True,True,True,True,False,True,True,True,True,True,True,True,True
optimized_pose/optimized_ligand_8PGB.sdf,8PGB_ligand,0,True,True,True,True,True,True,True,True,True,True,True,True,True,True,True,True,True,True,False,True,True,True,True,True,True,True,True
optimized_pose/optimized_ligand_8PGH.sdf,8PGH_ligand,0,True,True,True,True,True,True,True,True,True,True,True,True,True,True,True,True,True,True,False,True,True,True,True,True,True,True,True
optimized_pose/optimized_ligand_8PGM.sdf,8PGM_ligand,0,True,True,True,True,True,True,True,True,True,True,True,True,True,True,True,True,True,True,False,True,True,True,True,True,True,True,True
optimized_pose/optimized_ligand_8PGO.sdf,8PGO_ligand,0,True,True,True,True,True,True,True,True,True,True,True,True,True,True,True,True,True,True,False,True,True,True,False,True,True,True,True
optimized_pose/optimized_ligand_8PH1.sdf,8PH1_ligand,0,True,True,True,True,True,True,True,True,True,True,True,True,False,True,True,True,False,True,False,True,True,True,True,True,True,True,True
optimized_pose/optimized_ligand_8PH3.sdf,8PH3_ligand,0,True,True,True,True,True,True,True,True,True,True,True,True,False,True,True,True,False,True,False,True,True,True,True,True,True,True,True
optimized_pose/optimized_ligand_8PO3.sdf,8PO3_ligand,0,True,True,True,True,True,True,True,True,True,True,True,True,True,True,True,True,True,True,False,True,True,True,True,True,True,True,True
optimized_pose/optimized_ligand_8Q0X.sdf,8Q0X_ligand,0,True,True,True,True,True,True,True,True,True,True,True,True,True,True,True,True,False,True,False,True,True,True,True,True,True,True,True
optimized_pose/optimized_ligand_8Q10.sdf,8Q10_ligand,0,True,True,True,True,True,True,True,True,True,True,True,True,True,True,True,True,True,True,False,True,True,True,False,True,True,True,True
optimized_pose/optimized_ligand_8Q18.sdf,8Q18_ligand,0,True,True,True,True,True,True,True,True,True,True,True,True,True,True,True,True,True,True,False,True,True,True,True,True,True,True,True
optimized_pose/optimized_ligand_8QCD.sdf,8QCD_ligand,0,True,True,True,True,True,True,True,True,True,True,True,True,True,True,True,True,True,True,False,True,True,True,True,True,True,True,True
optimized_pose/optimized_ligand_8QCN.sdf,8QCN_ligand,0,True,True,True,True,True,True,True,True,True,True,True,True,True,True,True,True,True,True,True,True,True,True,True,True,True,True,True
optimized_pose/optimized_ligand_8QEL.sdf,8QEL_ligand,0,True,True,True,True,True,True,True,True,True,True,True,True,True,True,True,True,True,True,False,True,True,True,True,True,True,True,True
optimized_pose/optimized_ligand_8QEZ.sdf,8QEZ_ligand,0,True,True,True,True,True,True,True,True,True,True,True,True,True,True,True,True,True,True,True,True,True,True,True,True,True,True,True
optimized_pose/optimized_ligand_8QH8.sdf,8QH8_ligand,0,True,True,True,True,True,True,True,True,True,True,True,True,True,True,True,True,True,True,False,True,True,True,True,True,True,True,True
optimized_pose/optimized_ligand_8QHG.sdf,8QHG_ligand,0,True,True,True,True,True,True,True,True,True,True,True,True,True,True,True,True,True,True,True,True,True,True,True,True,True,True,True
optimized_pose/optimized_ligand_8QL3.sdf,8QL3_ligand,0,True,True,True,True,True,True,True,True,True,True,True,True,True,True,True,True,True,True,False,True,True,True,True,True,True,True,True
optimized_pose/optimized_ligand_8QL6.sdf,8QL6_ligand,0,True,True,True,True,True,True,True,True,True,True,True,True,False,True,True,True,False,True,False,True,True,True,True,True,True,True,True
optimized_pose/optimized_ligand_8QLQ.sdf,8QLQ_ligand,0,True,True,True,True,True,True,True,True,True,True,True,True,True,True,True,True,True,True,False,True,True,True,True,True,True,True,True
optimized_pose/optimized_ligand_8QPN.sdf,8QPN_ligand,0,True,True,True,True,True,True,True,True,True,True,True,True,True,True,True,True,False,True,False,True,True,True,True,True,True,True,True
optimized_pose/optimized_ligand_8QR8.sdf,8QR8_ligand,0,True,True,True,True,True,True,True,True,True,True,True,True,True,True,True,True,True,True,False,True,True,True,False,True,True,True,True
optimized_pose/optimized_ligand_8QSC.sdf,8QSC_ligand,0,True,True,True,True,True,True,True,True,True,True,True,True,True,True,True,True,True,True,True,True,True,True,True,True,True,True,True
optimized_pose/optimized_ligand_8QSF.sdf,8QSF_ligand,0,True,True,True,True,True,True,True,True,True,True,True,True,True,True,True,True,True,True,False,True,True,True,True,True,True,True,True
optimized_pose/optimized_ligand_8QVH.sdf,8QVH_ligand,0,True,True,True,True,True,True,True,True,True,True,True,True,True,True,True,True,True,True,False,True,True,True,True,True,True,True,True
optimized_pose/optimized_ligand_8QVK.sdf,8QVK_ligand,0,True,True,True,True,True,True,True,True,True,True,True,True,True,True,True,True,True,True,False,True,True,True,True,True,True,True,True
optimized_pose/optimized_ligand_8R16.sdf,8R16_ligand,0,True,True,True,True,True,True,True,True,True,True,True,True,True,True,True,True,True,True,False,True,True,True,False,True,True,True,True
optimized_pose/optimized_ligand_8R25.sdf,8R25_ligand,0,True,True,True,True,True,True,True,True,True,True,True,True,True,True,True,True,True,True,False,True,True,True,True,True,True,True,True
optimized_pose/optimized_ligand_8R7G.sdf,8R7G_ligand,0,True,True,True,True,True,True,True,True,True,True,True,True,False,True,True,True,False,True,True,True,True,True,True,True,True,True,False
optimized_pose/optimized_ligand_8R8E.sdf,8R8E_ligand,0,True,True,True,True,True,True,True,True,True,True,True,True,True,True,True,True,True,True,True,True,True,True,True,True,True,True,True
optimized_pose/optimized_ligand_8RBP.sdf,8RBP_ligand,0,True,True,True,True,True,True,True,True,True,True,True,True,True,True,True,True,True,True,False,True,False,True,True,True,True,True,True
optimized_pose/optimized_ligand_8SWE.sdf,8SWE_ligand,0,True,True,True,True,True,True,True,True,True,True,True,True,True,True,True,True,True,True,True,True,True,True,True,True,True,True,True
optimized_pose/optimized_ligand_8T2H.sdf,8T2H_ligand,0,True,True,True,True,True,True,True,True,True,True,True,True,True,True,True,True,False,True,False,True,True,True,False,True,True,True,True
optimized_pose/optimized_ligand_8TD0.sdf,8TD0_ligand,0,True,True,True,True,True,True,True,True,True,True,True,True,True,True,True,True,True,True,True,True,True,True,True,True,True,True,True
optimized_pose/optimized_ligand_8UDV.sdf,8UDV_ligand,0,True,True,True,True,True,True,True,True,True,True,True,True,True,True,True,True,True,True,False,True,True,True,True,True,True,True,True
optimized_pose/optimized_ligand_8UN3.sdf,8UN3_ligand,0,True,True,True,True,True,True,True,True,True,True,True,True,True,True,True,True,True,True,False,True,True,True,True,True,True,True,True
optimized_pose/optimized_ligand_8UOK.sdf,8UOK_ligand,0,True,True,True,True,True,True,True,True,True,True,True,True,True,True,True,True,True,True,True,True,True,True,True,True,True,True,True
optimized_pose/optimized_ligand_8V6Y.sdf,8V6Y_ligand,0,True,True,True,True,True,True,True,True,True,True,True,True,True,True,True,True,True,True,False,True,True,True,True,True,True,True,True
optimized_pose/optimized_ligand_8W3D.sdf,8W3D_ligand,0,True,True,True,True,True,True,True,True,True,True,True,True,True,True,True,True,True,True,False,True,True,True,True,True,True,True,True
optimized_pose/optimized_ligand_8W46.sdf,8W46_ligand,0,True,True,True,True,True,True,True,True,True,True,True,True,True,True,True,True,True,True,False,True,True,True,False,True,True,True,True
optimized_pose/optimized_ligand_8WZ6.sdf,8WZ6_ligand,0,True,True,True,True,True,True,True,True,True,True,True,True,True,True,True,True,True,True,True,True,True,True,True,True,True,True,True
optimized_pose/optimized_ligand_8X2A.sdf,8X2A_ligand,0,True,True,True,True,True,True,True,True,True,True,True,True,True,True,True,True,False,True,False,True,True,True,False,True,True,True,True
optimized_pose/optimized_ligand_8X6U.sdf,8X6U_ligand,0,True,True,True,True,True,True,True,True,True,True,True,True,True,True,True,True,True,True,False,True,True,True,False,True,True,True,True
optimized_pose/optimized_ligand_8XPV.sdf,8XPV_ligand,0,True,True,True,True,True,True,True,True,True,True,True,True,True,True,True,True,True,True,False,True,True,True,True,True,True,True,True
optimized_pose/optimized_ligand_8Y2A.sdf,8Y2A_ligand,0,True,True,True,True,True,True,True,True,True,True,True,True,False,True,True,True,False,True,False,True,True,True,True,True,True,True,True
optimized_pose/optimized_ligand_8Y2B.sdf,8Y2B_ligand,0,True,True,True,True,True,True,True,True,True,True,True,True,False,True,True,True,False,True,False,True,True,True,True,True,True,True,True
optimized_pose/optimized_ligand_8YRV.sdf,8YRV_ligand,0,True,True,True,True,True,True,True,True,True,True,True,True,True,True,True,True,True,True,False,True,True,True,True,True,True,True,True
optimized_pose/optimized_ligand_8ZJV.sdf,8ZJV_ligand,0,True,True,True,True,True,True,True,True,True,True,True,True,True,True,True,True,True,True,False,True,True,True,True,True,True,True,True
optimized_pose/optimized_ligand_9BNJ.sdf,9BNJ_ligand,0,True,True,True,True,True,True,True,True,True,True,True,True,False,True,True,True,False,True,False,False,True,False,False,True,True,True,True
optimized_pose/optimized_ligand_9CDK.sdf,9CDK_ligand,0,True,True,True,True,True,True,True,True,True,True,True,True,False,True,True,True,True,True,False,True,True,True,False,True,True,True,True
optimized_pose/optimized_ligand_9DAR.sdf,9DAR_ligand,0,True,True,True,True,True,True,True,True,True,True,True,True,True,True,True,True,False,True,True,True,True,True,True,True,True,True,True
